"status","path","lastWrite"
"M","backend-todo/src/main/java/com/loki/todo/workflow/WorkflowEngine.java","2026-03-07 22:32:48"
"??","frontend-todo/frontend-todo/src/features/dashboard/components/ActivityItem.jsx","2026-03-07 18:53:54"
"??","frontend-todo/frontend-todo/src/features/dashboard/components/DashboardSkeleton.jsx","2026-03-07 18:54:15"
"??","frontend-todo/frontend-todo/src/features/dashboard/components/EmptyTaskState.jsx","2026-03-07 18:54:04"
"??","frontend-todo/frontend-todo/src/features/dashboard/components/StatCard.jsx","2026-03-07 18:53:31"
"??","frontend-todo/frontend-todo/src/features/dashboard/components/TaskItemCompact.jsx","2026-03-07 18:53:44"
"??","frontend-todo/frontend-todo/src/features/dashboard/hooks/useDashboardData.js","2026-03-07 18:54:39"
"??","frontend-todo/frontend-todo/src/features/notifications/pages/NotificationsPage.jsx","2026-03-07 00:46:58"
"??","frontend-todo/frontend-todo/src/features/profile/components/Settings/ComingSoonSection.jsx","2026-03-07 19:45:57"
"??","frontend-todo/frontend-todo/src/features/profile/components/Settings/index.jsx","2026-03-07 19:47:02"
"??","frontend-todo/frontend-todo/src/features/profile/components/Settings/SettingsHeader.jsx","2026-03-07 19:46:08"
"??","frontend-todo/frontend-todo/src/features/profile/components/Settings/SettingsInfoCards.jsx","2026-03-07 19:46:29"
"??","frontend-todo/frontend-todo/src/features/profile/components/Settings/SettingsSidebar.jsx","2026-03-07 19:37:48"
"??","frontend-todo/frontend-todo/src/features/profile/components/Settings/SettingsTimeline.jsx","2026-03-07 19:46:18"
"??","frontend-todo/frontend-todo/src/features/projects/components/ProjectView/index.jsx","2026-03-07 19:37:30"
"??","frontend-todo/frontend-todo/src/features/projects/components/ProjectView/ProjectBoardView.jsx","2026-03-07 19:35:50"
"??","frontend-todo/frontend-todo/src/features/projects/components/ProjectView/ProjectCalendarView.jsx","2026-03-07 19:36:28"
"??","frontend-todo/frontend-todo/src/features/projects/components/ProjectView/ProjectHeader.jsx","2026-03-07 19:35:31"
"??","frontend-todo/frontend-todo/src/features/projects/components/ProjectView/ProjectListView.jsx","2026-03-07 19:36:05"
"??","frontend-todo/frontend-todo/src/features/projects/components/ProjectView/ProjectSkeleton.jsx","2026-03-07 19:37:07"
"??","frontend-todo/frontend-todo/src/features/projects/components/ProjectView/ProjectTaskModal.jsx","2026-03-07 19:36:57"
"??","frontend-todo/frontend-todo/src/features/public/components/Home/AISection.jsx","2026-03-07 19:48:47"
"??","frontend-todo/frontend-todo/src/features/public/components/Home/AnimatedBackground.jsx","2026-03-07 19:47:24"
"??","frontend-todo/frontend-todo/src/features/public/components/Home/CTA.jsx","2026-03-07 19:49:16"
"??","frontend-todo/frontend-todo/src/features/public/components/Home/Features.jsx","2026-03-07 19:48:22"
"??","frontend-todo/frontend-todo/src/features/public/components/Home/Footer.jsx","2026-03-07 19:49:26"
"??","frontend-todo/frontend-todo/src/features/public/components/Home/ForWho.jsx","2026-03-07 19:48:35"
"??","frontend-todo/frontend-todo/src/features/public/components/Home/Hero.jsx","2026-03-07 19:47:54"
"??","frontend-todo/frontend-todo/src/features/public/components/Home/HomeHeader.jsx","2026-03-07 19:47:37"
"??","frontend-todo/frontend-todo/src/features/public/components/Home/HowItWorks.jsx","2026-03-07 19:48:09"
"??","frontend-todo/frontend-todo/src/features/public/components/Home/index.jsx","2026-03-07 19:49:36"
"??","frontend-todo/frontend-todo/src/features/public/components/Home/Testimonials.jsx","2026-03-07 19:49:05"
"??","frontend-todo/frontend-todo/src/features/todos/components/GoalTracker/GoalItem.jsx","2026-03-07 19:30:47"
"??","frontend-todo/frontend-todo/src/features/todos/components/GoalTracker/GoalModal.jsx","2026-03-07 19:31:06"
"??","frontend-todo/frontend-todo/src/features/todos/components/GoalTracker/GoalStats.jsx","2026-03-07 19:30:35"
"??","frontend-todo/frontend-todo/src/features/todos/components/GoalTracker/index.jsx","2026-03-07 19:31:30"
"??","frontend-todo/frontend-todo/src/features/todos/components/SmartReminder/index.jsx","2026-03-07 19:33:08"
"??","frontend-todo/frontend-todo/src/features/todos/components/SmartReminder/ReminderItem.jsx","2026-03-07 19:32:22"
"??","frontend-todo/frontend-todo/src/features/todos/components/SmartReminder/ReminderModal.jsx","2026-03-07 19:32:42"
"??","frontend-todo/frontend-todo/src/features/todos/components/SmartReminder/ReminderPreferences.jsx","2026-03-07 19:32:12"
"??","frontend-todo/frontend-todo/src/features/todos/components/TimeBlockScheduler/index.jsx","2026-03-07 19:34:38"
"??","frontend-todo/frontend-todo/src/features/todos/components/TimeBlockScheduler/TimeBlockGrid.jsx","2026-03-07 19:34:02"
"??","frontend-todo/frontend-todo/src/features/todos/components/TimeBlockScheduler/TimeBlockHeader.jsx","2026-03-07 19:33:41"
"??","frontend-todo/frontend-todo/src/features/todos/components/TimeBlockScheduler/TimeBlockModal.jsx","2026-03-07 19:34:19"
"??","frontend-todo/frontend-todo/src/features/todos/components/TimeBlockScheduler/TimeBlockStats.jsx","2026-03-07 19:33:50"
"??","frontend-todo/frontend-todo/src/features/todos/components/Timer/PomodoroTimer.jsx","2026-03-07 00:00:29"
"??","frontend-todo/frontend-todo/src/features/todos/components/TodoEnvironment/index.jsx","2026-03-07 19:52:01"
"??","frontend-todo/frontend-todo/src/features/todos/components/TodoEnvironment/TodoCalendarView.jsx","2026-03-07 19:51:11"
"??","frontend-todo/frontend-todo/src/features/todos/components/TodoEnvironment/TodoGridView.jsx","2026-03-07 19:50:31"
"??","frontend-todo/frontend-todo/src/features/todos/components/TodoEnvironment/TodoHeader.jsx","2026-03-07 19:50:04"
"??","frontend-todo/frontend-todo/src/features/todos/components/TodoEnvironment/TodoListView.jsx","2026-03-07 19:50:19"
"??","frontend-todo/frontend-todo/src/features/todos/components/TodoEnvironment/TodoModal.jsx","2026-03-07 19:51:29"
"??","frontend-todo/frontend-todo/src/features/todos/components/TodoEnvironment/TodoSkeleton.jsx","2026-03-07 19:51:37"
"??","frontend-todo/frontend-todo/src/features/todos/hooks/useAttachments.js","2026-03-07 00:04:04"
